id,first_name,last_name,email,gender
1,Carly,Froment,cfroment0@disqus.com,Male
2,Valeria,Kitchingman,vkitchingman1@liveinternet.ru,Female
3,Eloisa,Nijssen,enijssen2@uol.com.br,Female
4,Jaymee,Domenichini,jdomenichini3@abc.net.au,Genderqueer
5,Ginelle,Pinshon,gpinshon4@archive.org,Bigender
6,Cyrill,Milton-White,cmiltonwhite5@ow.ly,Male
7,Arron,Lanceter,alanceter6@bbc.co.uk,Male
8,Lezley,Chomley,lchomley7@nsw.gov.au,Non-binary
9,Loy,Greenmon,lgreenmon8@blogtalkradio.com,Male
10,Herc,Stabler,hstabler9@statcounter.com,Male
